year,avg_temperature,continent,city
1950,14.11,Europe,Madrid
1951,12.52,Europe,Madrid
1952,12.78,Europe,Madrid
1953,13.44,Europe,Madrid
1954,13.38,Europe,Madrid
1955,14.53,Europe,Madrid
1956,12.04,Europe,Madrid
1957,13.11,Europe,Madrid
1958,13.64,Europe,Madrid
1959,13.1,Europe,Madrid
1960,13.14,Europe,Madrid
1961,14.42,Europe,Madrid
1962,13.4,Europe,Madrid
1963,12.69,Europe,Madrid
1964,13.54,Europe,Madrid
1965,13.27,Europe,Madrid
1966,13.32,Europe,Madrid
1967,12.97,Europe,Madrid
1968,13.28,Europe,Madrid
1969,12.34,Europe,Madrid
1970,13.51,Europe,Madrid
1971,12.01,Europe,Madrid
1972,12.08,Europe,Madrid
1973,12.89,Europe,Madrid
1974,12.87,Europe,Madrid
1975,12.75,Europe,Madrid
1976,12.85,Europe,Madrid
1977,12.96,Europe,Madrid
1978,13.19,Europe,Madrid
1979,13.29,Europe,Madrid
1980,13.19,Europe,Madrid
1981,13.9,Europe,Madrid
1982,13.71,Europe,Madrid
1983,13.87,Europe,Madrid
1984,12.8,Europe,Madrid
1985,14.14,Europe,Madrid
1986,13.53,Europe,Madrid
1987,14.12,Europe,Madrid
1988,13.51,Europe,Madrid
1989,14.61,Europe,Madrid
1990,14.25,Europe,Madrid
1991,13.46,Europe,Madrid
1992,13.37,Europe,Madrid
1993,12.68,Europe,Madrid
1994,14.38,Europe,Madrid
1995,14.98,Europe,Madrid
1996,13.82,Europe,Madrid
1997,14.52,Europe,Madrid
1998,13.99,Europe,Madrid
1999,13.92,Europe,Madrid
2000,14.11,Europe,Madrid
2001,14.23,Europe,Madrid
2002,14.17,Europe,Madrid
2003,14.51,Europe,Madrid
2004,13.84,Europe,Madrid
2005,14.15,Europe,Madrid
2006,14.82,Europe,Madrid
2007,13.47,Europe,Madrid
2008,13.6,Europe,Madrid
2009,14.98,Europe,Madrid
2010,13.71,Europe,Madrid
2011,14.76,Europe,Madrid
2012,14.4,Europe,Madrid
2013,13.77,Europe,Madrid
2014,14.79,Europe,Madrid
2015,15.21,Europe,Madrid
2016,14.86,Europe,Madrid
2017,15.9,Europe,Madrid
2018,14.65,Europe,Madrid
2019,15.42,Europe,Madrid
2020,15.4,Europe,Madrid
2021,15.01,Europe,Madrid
1950,10.06,Europe,London
1951,9.84,Europe,London
1952,9.74,Europe,London
1953,10.01,Europe,London
1954,9.53,Europe,London
1955,9.44,Europe,London
1956,9.0,Europe,London
1957,10.45,Europe,London
1958,9.82,Europe,London
1959,10.92,Europe,London
1960,10.19,Europe,London
1961,10.78,Europe,London
1962,8.88,Europe,London
1963,8.52,Europe,London
1964,9.8,Europe,London
1965,9.43,Europe,London
1966,9.95,Europe,London
1967,10.04,Europe,London
1968,9.59,Europe,London
1969,9.77,Europe,London
1970,9.82,Europe,London
1971,10.04,Europe,London
1972,9.68,Europe,London
1973,9.84,Europe,London
1974,9.88,Europe,London
1975,10.08,Europe,London
1976,10.43,Europe,London
1977,9.79,Europe,London
1978,9.71,Europe,London
1979,9.35,Europe,London
1980,9.64,Europe,London
1981,9.62,Europe,London
1982,10.38,Europe,London
1983,10.42,Europe,London
1984,10.1,Europe,London
1985,9.36,Europe,London
1986,9.26,Europe,London
1987,9.58,Europe,London
1988,10.28,Europe,London
1989,11.28,Europe,London
1990,11.32,Europe,London
1991,9.95,Europe,London
1992,10.35,Europe,London
1993,10.11,Europe,London
1994,10.91,Europe,London
1995,10.94,Europe,London
1996,9.58,Europe,London
1997,10.94,Europe,London
1998,10.69,Europe,London
1999,11.01,Europe,London
2000,10.68,Europe,London
2001,10.33,Europe,London
2002,11.13,Europe,London
2003,11.02,Europe,London
2004,10.86,Europe,London
2005,10.86,Europe,London
2006,11.36,Europe,London
2007,11.01,Europe,London
2008,10.45,Europe,London
2009,10.56,Europe,London
2010,9.4,Europe,London
2011,11.31,Europe,London
2012,10.18,Europe,London
2013,9.98,Europe,London
2014,11.54,Europe,London
2015,11.01,Europe,London
2016,10.91,Europe,London
2017,11.18,Europe,London
2018,11.45,Europe,London
2019,11.09,Europe,London
2020,11.64,Europe,London
2021,10.76,Europe,London
1950,3.95,Europe,Moscow
1951,4.45,Europe,Moscow
1952,4.55,Europe,Moscow
1953,4.49,Europe,Moscow
1954,4.08,Europe,Moscow
1955,3.82,Europe,Moscow
1956,2.57,Europe,Moscow
1957,5.5,Europe,Moscow
1958,3.92,Europe,Moscow
1959,4.6,Europe,Moscow
1960,4.63,Europe,Moscow
1961,5.48,Europe,Moscow
1962,4.59,Europe,Moscow
1963,3.4,Europe,Moscow
1964,4.59,Europe,Moscow
1965,3.52,Europe,Moscow
1966,4.94,Europe,Moscow
1967,4.99,Europe,Moscow
1968,3.72,Europe,Moscow
1969,2.19,Europe,Moscow
1970,4.23,Europe,Moscow
1971,4.32,Europe,Moscow
1972,5.37,Europe,Moscow
1973,4.56,Europe,Moscow
1974,5.48,Europe,Moscow
1975,6.12,Europe,Moscow
1976,2.36,Europe,Moscow
1977,4.43,Europe,Moscow
1978,3.11,Europe,Moscow
1979,4.48,Europe,Moscow
1980,3.45,Europe,Moscow
1981,5.98,Europe,Moscow
1982,4.89,Europe,Moscow
1983,5.74,Europe,Moscow
1984,4.59,Europe,Moscow
1985,3.55,Europe,Moscow
1986,4.34,Europe,Moscow
1987,2.44,Europe,Moscow
1988,5.19,Europe,Moscow
1989,6.86,Europe,Moscow
1990,5.9,Europe,Moscow
1991,5.73,Europe,Moscow
1992,5.39,Europe,Moscow
1993,4.06,Europe,Moscow
1994,4.12,Europe,Moscow
1995,6.18,Europe,Moscow
1996,4.49,Europe,Moscow
1997,4.41,Europe,Moscow
1998,4.1,Europe,Moscow
1999,5.86,Europe,Moscow
2000,5.86,Europe,Moscow
2001,5.22,Europe,Moscow
2002,5.77,Europe,Moscow
2003,4.84,Europe,Moscow
2004,5.28,Europe,Moscow
2005,5.48,Europe,Moscow
2006,4.99,Europe,Moscow
2007,6.56,Europe,Moscow
2008,6.77,Europe,Moscow
2009,5.71,Europe,Moscow
2010,5.84,Europe,Moscow
2011,5.97,Europe,Moscow
2012,5.01,Europe,Moscow
2013,5.99,Europe,Moscow
2014,6.45,Europe,Moscow
2015,6.72,Europe,Moscow
2016,5.94,Europe,Moscow
2017,5.57,Europe,Moscow
2018,5.82,Europe,Moscow
2019,7.17,Europe,Moscow
2020,7.55,Europe,Moscow
2021,5.68,Europe,Moscow
1950,14.23,Europe,Istanbul
1951,14.76,Europe,Istanbul
1952,14.98,Europe,Istanbul
1953,13.56,Europe,Istanbul
1954,14.1,Europe,Istanbul
1955,15.09,Europe,Istanbul
1956,13.61,Europe,Istanbul
1957,14.24,Europe,Istanbul
1958,14.52,Europe,Istanbul
1959,13.61,Europe,Istanbul
1960,14.56,Europe,Istanbul
1961,14.53,Europe,Istanbul
1962,14.98,Europe,Istanbul
1963,14.53,Europe,Istanbul
1964,13.74,Europe,Istanbul
1965,13.98,Europe,Istanbul
1966,15.61,Europe,Istanbul
1967,14.12,Europe,Istanbul
1968,14.3,Europe,Istanbul
1969,14.36,Europe,Istanbul
1970,14.87,Europe,Istanbul
1971,14.39,Europe,Istanbul
1972,14.25,Europe,Istanbul
1973,14.02,Europe,Istanbul
1974,14.16,Europe,Istanbul
1975,14.42,Europe,Istanbul
1976,13.49,Europe,Istanbul
1977,14.36,Europe,Istanbul
1978,14.19,Europe,Istanbul
1979,14.66,Europe,Istanbul
1980,14.0,Europe,Istanbul
1981,14.26,Europe,Istanbul
1982,13.96,Europe,Istanbul
1983,14.0,Europe,Istanbul
1984,14.29,Europe,Istanbul
1985,13.91,Europe,Istanbul
1986,14.37,Europe,Istanbul
1987,13.6,Europe,Istanbul
1988,14.21,Europe,Istanbul
1989,14.34,Europe,Istanbul
1990,14.49,Europe,Istanbul
1991,13.62,Europe,Istanbul
1992,13.59,Europe,Istanbul
1993,13.73,Europe,Istanbul
1994,15.08,Europe,Istanbul
1995,14.37,Europe,Istanbul
1996,13.85,Europe,Istanbul
1997,13.35,Europe,Istanbul
1998,14.5,Europe,Istanbul
1999,15.18,Europe,Istanbul
2000,14.37,Europe,Istanbul
2001,15.24,Europe,Istanbul
2002,14.63,Europe,Istanbul
2003,13.95,Europe,Istanbul
2004,14.47,Europe,Istanbul
2005,14.39,Europe,Istanbul
2006,14.44,Europe,Istanbul
2007,15.26,Europe,Istanbul
2008,15.07,Europe,Istanbul
2009,15.14,Europe,Istanbul
2010,15.6,Europe,Istanbul
2011,13.97,Europe,Istanbul
2012,15.42,Europe,Istanbul
2013,15.32,Europe,Istanbul
2014,15.67,Europe,Istanbul
2015,15.14,Europe,Istanbul
2016,15.4,Europe,Istanbul
2017,14.43,Europe,Istanbul
2018,15.52,Europe,Istanbul
2019,15.56,Europe,Istanbul
2020,15.44,Europe,Istanbul
2021,14.86,Europe,Istanbul
1950,12.15,Asia,Tashkent
1951,12.64,Asia,Tashkent
1952,13.23,Asia,Tashkent
1953,13.23,Asia,Tashkent
1954,12.15,Asia,Tashkent
1955,14.29,Asia,Tashkent
1956,13.32,Asia,Tashkent
1957,11.99,Asia,Tashkent
1958,13.54,Asia,Tashkent
1959,12.71,Asia,Tashkent
1960,12.57,Asia,Tashkent
1961,13.85,Asia,Tashkent
1962,13.07,Asia,Tashkent
1963,13.66,Asia,Tashkent
1964,12.2,Asia,Tashkent
1965,13.92,Asia,Tashkent
1966,14.59,Asia,Tashkent
1967,13.46,Asia,Tashkent
1968,13.63,Asia,Tashkent
1969,11.17,Asia,Tashkent
1970,13.67,Asia,Tashkent
1971,14.12,Asia,Tashkent
1972,11.23,Asia,Tashkent
1973,13.02,Asia,Tashkent
1974,12.37,Asia,Tashkent
1975,13.15,Asia,Tashkent
1976,12.48,Asia,Tashkent
1977,13.5,Asia,Tashkent
1978,12.92,Asia,Tashkent
1979,12.92,Asia,Tashkent
1980,13.53,Asia,Tashkent
1981,13.46,Asia,Tashkent
1982,12.4,Asia,Tashkent
1983,13.94,Asia,Tashkent
1984,11.66,Asia,Tashkent
1985,12.71,Asia,Tashkent
1986,13.24,Asia,Tashkent
1987,13.12,Asia,Tashkent
1988,13.93,Asia,Tashkent
1989,12.56,Asia,Tashkent
1990,13.42,Asia,Tashkent
1991,12.93,Asia,Tashkent
1992,12.93,Asia,Tashkent
1993,11.96,Asia,Tashkent
1994,13.01,Asia,Tashkent
1995,13.54,Asia,Tashkent
1996,12.47,Asia,Tashkent
1997,13.44,Asia,Tashkent
1998,13.22,Asia,Tashkent
1999,13.8,Asia,Tashkent
2000,14.17,Asia,Tashkent
2001,14.33,Asia,Tashkent
2002,13.87,Asia,Tashkent
2003,13.3,Asia,Tashkent
2004,14.56,Asia,Tashkent
2005,14.14,Asia,Tashkent
2006,14.14,Asia,Tashkent
2007,14.12,Asia,Tashkent
2008,13.87,Asia,Tashkent
2009,13.86,Asia,Tashkent
2010,14.81,Asia,Tashkent
2011,14.08,Asia,Tashkent
2012,13.21,Asia,Tashkent
2013,14.68,Asia,Tashkent
2014,13.22,Asia,Tashkent
2015,14.62,Asia,Tashkent
2016,15.14,Asia,Tashkent
2017,14.52,Asia,Tashkent
2018,14.48,Asia,Tashkent
2019,15.68,Asia,Tashkent
2020,14.2,Asia,Tashkent
2021,15.85,Asia,Tashkent
1950,25.24,Asia,Mumbai
1951,25.84,Asia,Mumbai
1952,25.77,Asia,Mumbai
1953,26.01,Asia,Mumbai
1954,26.27,Asia,Mumbai
1955,26.12,Asia,Mumbai
1956,26.01,Asia,Mumbai
1957,26.33,Asia,Mumbai
1958,26.81,Asia,Mumbai
1959,26.63,Asia,Mumbai
1960,26.76,Asia,Mumbai
1961,26.33,Asia,Mumbai
1962,26.3,Asia,Mumbai
1963,26.72,Asia,Mumbai
1964,26.22,Asia,Mumbai
1965,26.83,Asia,Mumbai
1966,26.91,Asia,Mumbai
1967,26.71,Asia,Mumbai
1968,26.25,Asia,Mumbai
1969,26.86,Asia,Mumbai
1970,26.2,Asia,Mumbai
1971,26.18,Asia,Mumbai
1972,26.73,Asia,Mumbai
1973,26.29,Asia,Mumbai
1974,26.38,Asia,Mumbai
1975,25.85,Asia,Mumbai
1976,26.42,Asia,Mumbai
1977,26.86,Asia,Mumbai
1978,26.21,Asia,Mumbai
1979,26.66,Asia,Mumbai
1980,26.55,Asia,Mumbai
1981,26.38,Asia,Mumbai
1982,26.29,Asia,Mumbai
1983,25.94,Asia,Mumbai
1984,26.26,Asia,Mumbai
1985,26.13,Asia,Mumbai
1986,26.43,Asia,Mumbai
1987,26.87,Asia,Mumbai
1988,26.54,Asia,Mumbai
1989,26.34,Asia,Mumbai
1990,26.33,Asia,Mumbai
1991,26.45,Asia,Mumbai
1992,26.41,Asia,Mumbai
1993,26.36,Asia,Mumbai
1994,26.45,Asia,Mumbai
1995,26.55,Asia,Mumbai
1996,26.42,Asia,Mumbai
1997,26.38,Asia,Mumbai
1998,26.77,Asia,Mumbai
1999,26.4,Asia,Mumbai
2000,26.35,Asia,Mumbai
2001,26.33,Asia,Mumbai
2002,26.93,Asia,Mumbai
2003,26.83,Asia,Mumbai
2004,26.75,Asia,Mumbai
2005,26.48,Asia,Mumbai
2006,26.91,Asia,Mumbai
2007,27.03,Asia,Mumbai
2008,26.63,Asia,Mumbai
2009,27.08,Asia,Mumbai
2010,26.97,Asia,Mumbai
2011,26.73,Asia,Mumbai
2012,26.27,Asia,Mumbai
2013,26.39,Asia,Mumbai
2014,26.96,Asia,Mumbai
2015,27.08,Asia,Mumbai
2016,26.67,Asia,Mumbai
2017,26.45,Asia,Mumbai
2018,26.69,Asia,Mumbai
2019,26.3,Asia,Mumbai
2020,26.64,Asia,Mumbai
2021,26.69,Asia,Mumbai
1950,14.33,Asia,Tokyo
1951,14.15,Asia,Tokyo
1952,13.89,Asia,Tokyo
1953,13.7,Asia,Tokyo
1954,13.86,Asia,Tokyo
1955,14.43,Asia,Tokyo
1956,13.85,Asia,Tokyo
1957,14.08,Asia,Tokyo
1958,14.15,Asia,Tokyo
1959,14.6,Asia,Tokyo
1960,14.35,Asia,Tokyo
1961,14.6,Asia,Tokyo
1962,14.21,Asia,Tokyo
1963,13.76,Asia,Tokyo
1964,14.15,Asia,Tokyo
1965,13.83,Asia,Tokyo
1966,14.18,Asia,Tokyo
1967,14.03,Asia,Tokyo
1968,13.84,Asia,Tokyo
1969,13.89,Asia,Tokyo
1970,13.61,Asia,Tokyo
1971,13.82,Asia,Tokyo
1972,14.64,Asia,Tokyo
1973,14.4,Asia,Tokyo
1974,13.87,Asia,Tokyo
1975,14.24,Asia,Tokyo
1976,13.64,Asia,Tokyo
1977,14.13,Asia,Tokyo
1978,14.26,Asia,Tokyo
1979,14.89,Asia,Tokyo
1980,13.36,Asia,Tokyo
1981,13.13,Asia,Tokyo
1982,14.08,Asia,Tokyo
1983,13.74,Asia,Tokyo
1984,12.87,Asia,Tokyo
1985,13.93,Asia,Tokyo
1986,13.28,Asia,Tokyo
1987,14.21,Asia,Tokyo
1988,13.74,Asia,Tokyo
1989,14.59,Asia,Tokyo
1990,15.09,Asia,Tokyo
1991,14.57,Asia,Tokyo
1992,14.19,Asia,Tokyo
1993,13.75,Asia,Tokyo
1994,14.7,Asia,Tokyo
1995,14.4,Asia,Tokyo
1996,13.76,Asia,Tokyo
1997,14.53,Asia,Tokyo
1998,14.73,Asia,Tokyo
1999,14.89,Asia,Tokyo
2000,14.89,Asia,Tokyo
2001,14.42,Asia,Tokyo
2002,14.73,Asia,Tokyo
2003,14.23,Asia,Tokyo
2004,15.63,Asia,Tokyo
2005,14.38,Asia,Tokyo
2006,14.65,Asia,Tokyo
2007,15.08,Asia,Tokyo
2008,14.75,Asia,Tokyo
2009,14.91,Asia,Tokyo
2010,15.23,Asia,Tokyo
2011,14.76,Asia,Tokyo
2012,14.5,Asia,Tokyo
2013,15.14,Asia,Tokyo
2014,14.64,Asia,Tokyo
2015,15.18,Asia,Tokyo
2016,15.33,Asia,Tokyo
2017,14.84,Asia,Tokyo
2018,15.63,Asia,Tokyo
2019,15.38,Asia,Tokyo
2020,15.53,Asia,Tokyo
2021,15.54,Asia,Tokyo
1950,-9.61,Asia,Yakutsk
1951,-7.9,Asia,Yakutsk
1952,-10.07,Asia,Yakutsk
1953,-7.83,Asia,Yakutsk
1954,-8.57,Asia,Yakutsk
1955,-8.86,Asia,Yakutsk
1956,-8.98,Asia,Yakutsk
1957,-8.39,Asia,Yakutsk
1958,-9.75,Asia,Yakutsk
1959,-6.95,Asia,Yakutsk
1960,-9.35,Asia,Yakutsk
1961,-8.52,Asia,Yakutsk
1962,-8.08,Asia,Yakutsk
1963,-7.26,Asia,Yakutsk
1964,-9.34,Asia,Yakutsk
1965,-9.51,Asia,Yakutsk
1966,-9.38,Asia,Yakutsk
1967,-8.21,Asia,Yakutsk
1968,-7.62,Asia,Yakutsk
1969,-10.05,Asia,Yakutsk
1970,-9.32,Asia,Yakutsk
1971,-7.68,Asia,Yakutsk
1972,-9.63,Asia,Yakutsk
1973,-7.59,Asia,Yakutsk
1974,-9.14,Asia,Yakutsk
1975,-6.89,Asia,Yakutsk
1976,-9.0,Asia,Yakutsk
1977,-9.86,Asia,Yakutsk
1978,-8.35,Asia,Yakutsk
1979,-10.13,Asia,Yakutsk
1980,-8.06,Asia,Yakutsk
1981,-7.85,Asia,Yakutsk
1982,-10.16,Asia,Yakutsk
1983,-6.93,Asia,Yakutsk
1984,-8.78,Asia,Yakutsk
1985,-8.07,Asia,Yakutsk
1986,-7.66,Asia,Yakutsk
1987,-10.0,Asia,Yakutsk
1988,-6.62,Asia,Yakutsk
1989,-7.03,Asia,Yakutsk
1990,-6.54,Asia,Yakutsk
1991,-7.25,Asia,Yakutsk
1992,-7.34,Asia,Yakutsk
1993,-7.85,Asia,Yakutsk
1994,-8.62,Asia,Yakutsk
1995,-6.39,Asia,Yakutsk
1996,-7.55,Asia,Yakutsk
1997,-7.31,Asia,Yakutsk
1998,-7.82,Asia,Yakutsk
1999,-8.51,Asia,Yakutsk
2000,-8.67,Asia,Yakutsk
2001,-7.81,Asia,Yakutsk
2002,-6.71,Asia,Yakutsk
2003,-7.16,Asia,Yakutsk
2004,-9.4,Asia,Yakutsk
2005,-7.39,Asia,Yakutsk
2006,-8.01,Asia,Yakutsk
2007,-6.3,Asia,Yakutsk
2008,-6.33,Asia,Yakutsk
2009,-7.52,Asia,Yakutsk
2010,-7.54,Asia,Yakutsk
2011,-6.71,Asia,Yakutsk
2012,-7.35,Asia,Yakutsk
2013,-7.24,Asia,Yakutsk
2014,-7.41,Asia,Yakutsk
2015,-6.33,Asia,Yakutsk
2016,-7.45,Asia,Yakutsk
2017,-6.89,Asia,Yakutsk
2018,-6.87,Asia,Yakutsk
2019,-6.39,Asia,Yakutsk
2020,-5.65,Asia,Yakutsk
2021,-6.94,Asia,Yakutsk
1950,-1.36,Asia,Bratsk
1951,-2.25,Asia,Bratsk
1952,-3.48,Asia,Bratsk
1953,-1.0,Asia,Bratsk
1954,-2.76,Asia,Bratsk
1955,-1.64,Asia,Bratsk
1956,-3.07,Asia,Bratsk
1957,-2.19,Asia,Bratsk
1958,-1.48,Asia,Bratsk
1959,-1.49,Asia,Bratsk
1960,-2.44,Asia,Bratsk
1961,-1.76,Asia,Bratsk
1962,-1.16,Asia,Bratsk
1963,-0.88,Asia,Bratsk
1964,-1.69,Asia,Bratsk
1965,-2.0,Asia,Bratsk
1966,-3.08,Asia,Bratsk
1967,-1.8,Asia,Bratsk
1968,-2.74,Asia,Bratsk
1969,-3.86,Asia,Bratsk
1970,-2.63,Asia,Bratsk
1971,-1.77,Asia,Bratsk
1972,-2.34,Asia,Bratsk
1973,-0.66,Asia,Bratsk
1974,-3.29,Asia,Bratsk
1975,-0.75,Asia,Bratsk
1976,-2.73,Asia,Bratsk
1977,-2.76,Asia,Bratsk
1978,-0.91,Asia,Bratsk
1979,-2.07,Asia,Bratsk
1980,-2.72,Asia,Bratsk
1981,-1.23,Asia,Bratsk
1982,-1.34,Asia,Bratsk
1983,-0.13,Asia,Bratsk
1984,-2.48,Asia,Bratsk
1985,-2.3,Asia,Bratsk
1986,-0.43,Asia,Bratsk
1987,-2.76,Asia,Bratsk
1988,-1.02,Asia,Bratsk
1989,-0.36,Asia,Bratsk
1990,0.26,Asia,Bratsk
1991,-1.38,Asia,Bratsk
1992,-0.3,Asia,Bratsk
1993,-0.09,Asia,Bratsk
1994,-0.65,Asia,Bratsk
1995,0.53,Asia,Bratsk
1996,-2.15,Asia,Bratsk
1997,-0.14,Asia,Bratsk
1998,-1.28,Asia,Bratsk
1999,-1.39,Asia,Bratsk
2000,-2.15,Asia,Bratsk
2001,-1.28,Asia,Bratsk
2002,0.52,Asia,Bratsk
2003,-0.02,Asia,Bratsk
2004,-0.27,Asia,Bratsk
2005,-0.66,Asia,Bratsk
2006,-1.58,Asia,Bratsk
2007,1.45,Asia,Bratsk
2008,-0.26,Asia,Bratsk
2009,-2.09,Asia,Bratsk
2010,-2.74,Asia,Bratsk
2011,0.54,Asia,Bratsk
2012,-1.72,Asia,Bratsk
2013,-0.6,Asia,Bratsk
2014,0.34,Asia,Bratsk
2015,1.28,Asia,Bratsk
2016,-0.27,Asia,Bratsk
2017,0.55,Asia,Bratsk
2018,-0.72,Asia,Bratsk
2019,0.38,Asia,Bratsk
2020,1.91,Asia,Bratsk
2021,-0.28,Asia,Bratsk
1950,-0.75,Asia,Ulaanbaatar
1951,-1.82,Asia,Ulaanbaatar
1952,-2.21,Asia,Ulaanbaatar
1953,-0.9,Asia,Ulaanbaatar
1954,-1.37,Asia,Ulaanbaatar
1955,-0.44,Asia,Ulaanbaatar
1956,-1.84,Asia,Ulaanbaatar
1957,-2.19,Asia,Ulaanbaatar
1958,-1.1,Asia,Ulaanbaatar
1959,-0.78,Asia,Ulaanbaatar
1960,-1.26,Asia,Ulaanbaatar
1961,-1.45,Asia,Ulaanbaatar
1962,-1.06,Asia,Ulaanbaatar
1963,-0.67,Asia,Ulaanbaatar
1964,-1.54,Asia,Ulaanbaatar
1965,-0.25,Asia,Ulaanbaatar
1966,-1.42,Asia,Ulaanbaatar
1967,-2.26,Asia,Ulaanbaatar
1968,-2.84,Asia,Ulaanbaatar
1969,-2.91,Asia,Ulaanbaatar
1970,-2.69,Asia,Ulaanbaatar
1971,-1.66,Asia,Ulaanbaatar
1972,-2.27,Asia,Ulaanbaatar
1973,-0.78,Asia,Ulaanbaatar
1974,-1.95,Asia,Ulaanbaatar
1975,-1.36,Asia,Ulaanbaatar
1976,-2.88,Asia,Ulaanbaatar
1977,-1.04,Asia,Ulaanbaatar
1978,-1.08,Asia,Ulaanbaatar
1979,-1.06,Asia,Ulaanbaatar
1980,-1.49,Asia,Ulaanbaatar
1981,-1.23,Asia,Ulaanbaatar
1982,-0.84,Asia,Ulaanbaatar
1983,0.06,Asia,Ulaanbaatar
1984,-2.59,Asia,Ulaanbaatar
1985,-2.88,Asia,Ulaanbaatar
1986,-1.71,Asia,Ulaanbaatar
1987,-1.54,Asia,Ulaanbaatar
1988,-0.73,Asia,Ulaanbaatar
1989,0.25,Asia,Ulaanbaatar
1990,0.34,Asia,Ulaanbaatar
1991,-0.44,Asia,Ulaanbaatar
1992,0.45,Asia,Ulaanbaatar
1993,-0.33,Asia,Ulaanbaatar
1994,0.62,Asia,Ulaanbaatar
1995,0.56,Asia,Ulaanbaatar
1996,-0.42,Asia,Ulaanbaatar
1997,1.13,Asia,Ulaanbaatar
1998,0.68,Asia,Ulaanbaatar
1999,0.33,Asia,Ulaanbaatar
2000,-0.29,Asia,Ulaanbaatar
2001,0.27,Asia,Ulaanbaatar
2002,0.61,Asia,Ulaanbaatar
2003,-0.02,Asia,Ulaanbaatar
2004,0.36,Asia,Ulaanbaatar
2005,0.12,Asia,Ulaanbaatar
2006,1.18,Asia,Ulaanbaatar
2007,2.31,Asia,Ulaanbaatar
2008,1.32,Asia,Ulaanbaatar
2009,0.76,Asia,Ulaanbaatar
2010,-0.14,Asia,Ulaanbaatar
2011,0.13,Asia,Ulaanbaatar
2012,-0.85,Asia,Ulaanbaatar
2013,0.29,Asia,Ulaanbaatar
2014,1.21,Asia,Ulaanbaatar
2015,1.55,Asia,Ulaanbaatar
2016,0.08,Asia,Ulaanbaatar
2017,1.46,Asia,Ulaanbaatar
2018,1.03,Asia,Ulaanbaatar
2019,1.66,Asia,Ulaanbaatar
2020,1.49,Asia,Ulaanbaatar
2021,1.35,Asia,Ulaanbaatar
1950,10.42,Asia,Yinchuan
1951,9.99,Asia,Yinchuan
1952,9.41,Asia,Yinchuan
1953,10.87,Asia,Yinchuan
1954,9.88,Asia,Yinchuan
1955,10.48,Asia,Yinchuan
1956,9.06,Asia,Yinchuan
1957,9.22,Asia,Yinchuan
1958,9.51,Asia,Yinchuan
1959,9.39,Asia,Yinchuan
1960,9.62,Asia,Yinchuan
1961,9.45,Asia,Yinchuan
1962,8.88,Asia,Yinchuan
1963,9.58,Asia,Yinchuan
1964,9.4,Asia,Yinchuan
1965,10.65,Asia,Yinchuan
1966,9.86,Asia,Yinchuan
1967,8.49,Asia,Yinchuan
1968,8.57,Asia,Yinchuan
1969,8.96,Asia,Yinchuan
1970,8.82,Asia,Yinchuan
1971,9.29,Asia,Yinchuan
1972,9.48,Asia,Yinchuan
1973,9.64,Asia,Yinchuan
1974,9.11,Asia,Yinchuan
1975,9.41,Asia,Yinchuan
1976,8.48,Asia,Yinchuan
1977,8.8,Asia,Yinchuan
1978,9.34,Asia,Yinchuan
1979,9.49,Asia,Yinchuan
1980,9.71,Asia,Yinchuan
1981,9.35,Asia,Yinchuan
1982,10.0,Asia,Yinchuan
1983,9.32,Asia,Yinchuan
1984,8.69,Asia,Yinchuan
1985,9.0,Asia,Yinchuan
1986,9.1,Asia,Yinchuan
1987,10.24,Asia,Yinchuan
1988,9.37,Asia,Yinchuan
1989,9.7,Asia,Yinchuan
1990,10.33,Asia,Yinchuan
1991,10.3,Asia,Yinchuan
1992,9.24,Asia,Yinchuan
1993,9.22,Asia,Yinchuan
1994,10.09,Asia,Yinchuan
1995,9.52,Asia,Yinchuan
1996,9.32,Asia,Yinchuan
1997,10.51,Asia,Yinchuan
1998,10.88,Asia,Yinchuan
1999,10.91,Asia,Yinchuan
2000,10.11,Asia,Yinchuan
2001,10.28,Asia,Yinchuan
2002,10.03,Asia,Yinchuan
2003,9.94,Asia,Yinchuan
2004,10.16,Asia,Yinchuan
2005,10.3,Asia,Yinchuan
2006,11.06,Asia,Yinchuan
2007,10.46,Asia,Yinchuan
2008,9.64,Asia,Yinchuan
2009,10.48,Asia,Yinchuan
2010,10.11,Asia,Yinchuan
2011,9.81,Asia,Yinchuan
2012,9.66,Asia,Yinchuan
2013,11.17,Asia,Yinchuan
2014,10.85,Asia,Yinchuan
2015,10.55,Asia,Yinchuan
2016,10.45,Asia,Yinchuan
2017,10.72,Asia,Yinchuan
2018,10.37,Asia,Yinchuan
2019,10.52,Asia,Yinchuan
2020,10.49,Asia,Yinchuan
2021,11.28,Asia,Yinchuan
1950,23.58,Asia,Riyadh
1951,24.69,Asia,Riyadh
1952,24.55,Asia,Riyadh
1953,24.73,Asia,Riyadh
1954,25.33,Asia,Riyadh
1955,24.88,Asia,Riyadh
1956,24.22,Asia,Riyadh
1957,24.44,Asia,Riyadh
1958,25.26,Asia,Riyadh
1959,23.93,Asia,Riyadh
1960,25.19,Asia,Riyadh
1961,24.47,Asia,Riyadh
1962,25.34,Asia,Riyadh
1963,24.86,Asia,Riyadh
1964,23.78,Asia,Riyadh
1965,24.84,Asia,Riyadh
1966,25.45,Asia,Riyadh
1967,23.87,Asia,Riyadh
1968,24.76,Asia,Riyadh
1969,25.33,Asia,Riyadh
1970,24.95,Asia,Riyadh
1971,23.96,Asia,Riyadh
1972,23.85,Asia,Riyadh
1973,24.91,Asia,Riyadh
1974,24.53,Asia,Riyadh
1975,24.3,Asia,Riyadh
1976,24.45,Asia,Riyadh
1977,25.12,Asia,Riyadh
1978,25.13,Asia,Riyadh
1979,25.93,Asia,Riyadh
1980,25.69,Asia,Riyadh
1981,25.66,Asia,Riyadh
1982,24.07,Asia,Riyadh
1983,24.37,Asia,Riyadh
1984,24.79,Asia,Riyadh
1985,25.1,Asia,Riyadh
1986,24.73,Asia,Riyadh
1987,25.97,Asia,Riyadh
1988,25.46,Asia,Riyadh
1989,24.84,Asia,Riyadh
1990,25.71,Asia,Riyadh
1991,25.59,Asia,Riyadh
1992,23.95,Asia,Riyadh
1993,25.21,Asia,Riyadh
1994,25.72,Asia,Riyadh
1995,25.08,Asia,Riyadh
1996,25.61,Asia,Riyadh
1997,24.97,Asia,Riyadh
1998,26.39,Asia,Riyadh
1999,26.46,Asia,Riyadh
2000,25.89,Asia,Riyadh
2001,26.11,Asia,Riyadh
2002,25.89,Asia,Riyadh
2003,26.25,Asia,Riyadh
2004,25.97,Asia,Riyadh
2005,26.15,Asia,Riyadh
2006,25.94,Asia,Riyadh
2007,26.12,Asia,Riyadh
2008,25.75,Asia,Riyadh
2009,26.36,Asia,Riyadh
2010,27.07,Asia,Riyadh
2011,25.8,Asia,Riyadh
2012,26.17,Asia,Riyadh
2013,25.59,Asia,Riyadh
2014,26.16,Asia,Riyadh
2015,26.79,Asia,Riyadh
2016,26.28,Asia,Riyadh
2017,26.82,Asia,Riyadh
2018,27.01,Asia,Riyadh
2019,26.78,Asia,Riyadh
2020,26.66,Asia,Riyadh
2021,27.53,Asia,Riyadh
1950,-2.6,Americas,Koyukuk
1951,-4.62,Americas,Koyukuk
1952,-4.2,Americas,Koyukuk
1953,-3.48,Americas,Koyukuk
1954,-4.42,Americas,Koyukuk
1955,-5.15,Americas,Koyukuk
1956,-6.68,Americas,Koyukuk
1957,-1.3,Americas,Koyukuk
1958,-3.4,Americas,Koyukuk
1959,-4.54,Americas,Koyukuk
1960,-3.3,Americas,Koyukuk
1961,-5.36,Americas,Koyukuk
1962,-3.19,Americas,Koyukuk
1963,-3.87,Americas,Koyukuk
1964,-5.32,Americas,Koyukuk
1965,-4.16,Americas,Koyukuk
1966,-5.14,Americas,Koyukuk
1967,-2.78,Americas,Koyukuk
1968,-3.87,Americas,Koyukuk
1969,-2.58,Americas,Koyukuk
1970,-4.09,Americas,Koyukuk
1971,-5.95,Americas,Koyukuk
1972,-4.49,Americas,Koyukuk
1973,-4.46,Americas,Koyukuk
1974,-5.01,Americas,Koyukuk
1975,-4.78,Americas,Koyukuk
1976,-3.72,Americas,Koyukuk
1977,-2.67,Americas,Koyukuk
1978,-1.05,Americas,Koyukuk
1979,-2.61,Americas,Koyukuk
1980,-3.19,Americas,Koyukuk
1981,-2.02,Americas,Koyukuk
1982,-3.85,Americas,Koyukuk
1983,-2.96,Americas,Koyukuk
1984,-4.93,Americas,Koyukuk
1985,-3.25,Americas,Koyukuk
1986,-3.34,Americas,Koyukuk
1987,-2.73,Americas,Koyukuk
1988,-2.38,Americas,Koyukuk
1989,-3.85,Americas,Koyukuk
1990,-3.82,Americas,Koyukuk
1991,-2.47,Americas,Koyukuk
1992,-4.93,Americas,Koyukuk
1993,-1.08,Americas,Koyukuk
1994,-3.79,Americas,Koyukuk
1995,-2.42,Americas,Koyukuk
1996,-4.85,Americas,Koyukuk
1997,-2.46,Americas,Koyukuk
1998,-2.72,Americas,Koyukuk
1999,-5.73,Americas,Koyukuk
2000,-2.42,Americas,Koyukuk
2001,-3.75,Americas,Koyukuk
2002,-1.44,Americas,Koyukuk
2003,-2.23,Americas,Koyukuk
2004,-1.41,Americas,Koyukuk
2005,-1.63,Americas,Koyukuk
2006,-3.31,Americas,Koyukuk
2007,-1.82,Americas,Koyukuk
2008,-3.99,Americas,Koyukuk
2009,-3.25,Americas,Koyukuk
2010,-2.99,Americas,Koyukuk
2011,-2.97,Americas,Koyukuk
2012,-5.1,Americas,Koyukuk
2013,-2.56,Americas,Koyukuk
2014,-0.8,Americas,Koyukuk
2015,-1.31,Americas,Koyukuk
2016,-0.02,Americas,Koyukuk
2017,-1.26,Americas,Koyukuk
2018,-0.9,Americas,Koyukuk
2019,-0.07,Americas,Koyukuk
2020,-2.96,Americas,Koyukuk
2021,-3.25,Americas,Koyukuk
1950,8.49,Americas,Omaha
1951,8.42,Americas,Omaha
1952,10.41,Americas,Omaha
1953,11.57,Americas,Omaha
1954,11.38,Americas,Omaha
1955,10.4,Americas,Omaha
1956,11.15,Americas,Omaha
1957,10.15,Americas,Omaha
1958,10.17,Americas,Omaha
1959,9.72,Americas,Omaha
1960,9.0,Americas,Omaha
1961,9.43,Americas,Omaha
1962,9.75,Americas,Omaha
1963,10.84,Americas,Omaha
1964,10.67,Americas,Omaha
1965,9.49,Americas,Omaha
1966,9.75,Americas,Omaha
1967,9.85,Americas,Omaha
1968,10.07,Americas,Omaha
1969,9.02,Americas,Omaha
1970,10.21,Americas,Omaha
1971,9.79,Americas,Omaha
1972,9.14,Americas,Omaha
1973,10.56,Americas,Omaha
1974,10.87,Americas,Omaha
1975,10.26,Americas,Omaha
1976,10.76,Americas,Omaha
1977,11.2,Americas,Omaha
1978,9.07,Americas,Omaha
1979,9.07,Americas,Omaha
1980,10.85,Americas,Omaha
1981,11.42,Americas,Omaha
1982,9.21,Americas,Omaha
1983,10.08,Americas,Omaha
1984,10.3,Americas,Omaha
1985,9.41,Americas,Omaha
1986,11.04,Americas,Omaha
1987,12.07,Americas,Omaha
1988,11.34,Americas,Omaha
1989,10.28,Americas,Omaha
1990,11.52,Americas,Omaha
1991,11.16,Americas,Omaha
1992,10.7,Americas,Omaha
1993,9.16,Americas,Omaha
1994,10.72,Americas,Omaha
1995,10.32,Americas,Omaha
1996,8.98,Americas,Omaha
1997,10.1,Americas,Omaha
1998,11.62,Americas,Omaha
1999,11.37,Americas,Omaha
2000,11.3,Americas,Omaha
2001,10.99,Americas,Omaha
2002,10.97,Americas,Omaha
2003,10.66,Americas,Omaha
2004,10.98,Americas,Omaha
2005,11.78,Americas,Omaha
2006,12.28,Americas,Omaha
2007,11.15,Americas,Omaha
2008,9.81,Americas,Omaha
2009,10.01,Americas,Omaha
2010,10.48,Americas,Omaha
2011,10.95,Americas,Omaha
2012,13.28,Americas,Omaha
2013,10.21,Americas,Omaha
2014,10.05,Americas,Omaha
2015,11.56,Americas,Omaha
2016,12.32,Americas,Omaha
2017,11.92,Americas,Omaha
2018,10.39,Americas,Omaha
2019,10.07,Americas,Omaha
2020,11.54,Americas,Omaha
2021,12.09,Americas,Omaha
1950,11.1,Americas,New York
1951,11.68,Americas,New York
1952,11.68,Americas,New York
1953,12.38,Americas,New York
1954,11.33,Americas,New York
1955,11.3,Americas,New York
1956,10.77,Americas,New York
1957,11.77,Americas,New York
1958,10.16,Americas,New York
1959,11.72,Americas,New York
1960,10.45,Americas,New York
1961,10.61,Americas,New York
1962,10.4,Americas,New York
1963,10.45,Americas,New York
1964,10.77,Americas,New York
1965,10.52,Americas,New York
1966,10.76,Americas,New York
1967,10.03,Americas,New York
1968,10.76,Americas,New York
1969,10.57,Americas,New York
1970,10.59,Americas,New York
1971,10.92,Americas,New York
1972,10.48,Americas,New York
1973,12.14,Americas,New York
1974,11.41,Americas,New York
1975,11.91,Americas,New York
1976,10.95,Americas,New York
1977,11.25,Americas,New York
1978,10.26,Americas,New York
1979,11.13,Americas,New York
1980,11.19,Americas,New York
1981,10.9,Americas,New York
1982,10.96,Americas,New York
1983,11.72,Americas,New York
1984,11.29,Americas,New York
1985,11.58,Americas,New York
1986,11.45,Americas,New York
1987,11.11,Americas,New York
1988,11.07,Americas,New York
1989,10.95,Americas,New York
1990,12.42,Americas,New York
1991,12.62,Americas,New York
1992,10.79,Americas,New York
1993,11.39,Americas,New York
1994,11.17,Americas,New York
1995,11.41,Americas,New York
1996,10.63,Americas,New York
1997,11.16,Americas,New York
1998,12.66,Americas,New York
1999,12.13,Americas,New York
2000,10.83,Americas,New York
2001,11.87,Americas,New York
2002,12.36,Americas,New York
2003,10.45,Americas,New York
2004,11.15,Americas,New York
2005,11.47,Americas,New York
2006,12.48,Americas,New York
2007,11.9,Americas,New York
2008,11.92,Americas,New York
2009,11.14,Americas,New York
2010,12.42,Americas,New York
2011,12.2,Americas,New York
2012,13.04,Americas,New York
2013,11.59,Americas,New York
2014,10.8,Americas,New York
2015,11.76,Americas,New York
2016,12.54,Americas,New York
2017,12.38,Americas,New York
2018,12.14,Americas,New York
2019,12.09,Americas,New York
2020,12.89,Americas,New York
2021,12.78,Americas,New York
1950,14.49,Americas,Mexico City
1951,15.33,Americas,Mexico City
1952,15.22,Americas,Mexico City
1953,15.04,Americas,Mexico City
1954,14.67,Americas,Mexico City
1955,14.97,Americas,Mexico City
1956,14.39,Americas,Mexico City
1957,15.84,Americas,Mexico City
1958,14.82,Americas,Mexico City
1959,14.63,Americas,Mexico City
1960,15.4,Americas,Mexico City
1961,15.12,Americas,Mexico City
1962,15.41,Americas,Mexico City
1963,15.02,Americas,Mexico City
1964,15.09,Americas,Mexico City
1965,15.11,Americas,Mexico City
1966,15.02,Americas,Mexico City
1967,14.68,Americas,Mexico City
1968,14.46,Americas,Mexico City
1969,15.68,Americas,Mexico City
1970,15.21,Americas,Mexico City
1971,14.92,Americas,Mexico City
1972,15.26,Americas,Mexico City
1973,15.17,Americas,Mexico City
1974,14.62,Americas,Mexico City
1975,14.83,Americas,Mexico City
1976,14.52,Americas,Mexico City
1977,14.92,Americas,Mexico City
1978,14.69,Americas,Mexico City
1979,15.5,Americas,Mexico City
1980,15.16,Americas,Mexico City
1981,14.73,Americas,Mexico City
1982,15.59,Americas,Mexico City
1983,15.39,Americas,Mexico City
1984,14.75,Americas,Mexico City
1985,14.69,Americas,Mexico City
1986,14.82,Americas,Mexico City
1987,15.28,Americas,Mexico City
1988,15.59,Americas,Mexico City
1989,15.18,Americas,Mexico City
1990,15.14,Americas,Mexico City
1991,15.58,Americas,Mexico City
1992,14.7,Americas,Mexico City
1993,15.6,Americas,Mexico City
1994,15.8,Americas,Mexico City
1995,15.57,Americas,Mexico City
1996,15.28,Americas,Mexico City
1997,15.15,Americas,Mexico City
1998,16.28,Americas,Mexico City
1999,15.22,Americas,Mexico City
2000,15.47,Americas,Mexico City
2001,15.09,Americas,Mexico City
2002,15.61,Americas,Mexico City
2003,15.69,Americas,Mexico City
2004,15.21,Americas,Mexico City
2005,15.84,Americas,Mexico City
2006,15.3,Americas,Mexico City
2007,15.42,Americas,Mexico City
2008,15.37,Americas,Mexico City
2009,16.03,Americas,Mexico City
2010,15.44,Americas,Mexico City
2011,16.08,Americas,Mexico City
2012,15.56,Americas,Mexico City
2013,15.83,Americas,Mexico City
2014,15.68,Americas,Mexico City
2015,15.77,Americas,Mexico City
2016,15.61,Americas,Mexico City
2017,16.76,Americas,Mexico City
2018,16.39,Americas,Mexico City
2019,17.32,Americas,Mexico City
2020,17.46,Americas,Mexico City
2021,16.83,Americas,Mexico City
1950,12.97,Americas,Bogota
1951,13.49,Americas,Bogota
1952,13.63,Americas,Bogota
1953,13.9,Americas,Bogota
1954,13.37,Americas,Bogota
1955,13.13,Americas,Bogota
1956,13.11,Americas,Bogota
1957,14.01,Americas,Bogota
1958,14.43,Americas,Bogota
1959,13.93,Americas,Bogota
1960,13.63,Americas,Bogota
1961,13.86,Americas,Bogota
1962,13.78,Americas,Bogota
1963,13.86,Americas,Bogota
1964,13.56,Americas,Bogota
1965,13.72,Americas,Bogota
1966,13.85,Americas,Bogota
1967,13.58,Americas,Bogota
1968,13.39,Americas,Bogota
1969,14.09,Americas,Bogota
1970,13.69,Americas,Bogota
1971,13.05,Americas,Bogota
1972,13.83,Americas,Bogota
1973,13.83,Americas,Bogota
1974,13.17,Americas,Bogota
1975,13.03,Americas,Bogota
1976,13.48,Americas,Bogota
1977,13.89,Americas,Bogota
1978,13.61,Americas,Bogota
1979,13.84,Americas,Bogota
1980,14.38,Americas,Bogota
1981,14.07,Americas,Bogota
1982,14.09,Americas,Bogota
1983,14.71,Americas,Bogota
1984,13.59,Americas,Bogota
1985,13.65,Americas,Bogota
1986,13.79,Americas,Bogota
1987,14.67,Americas,Bogota
1988,14.03,Americas,Bogota
1989,13.83,Americas,Bogota
1990,14.49,Americas,Bogota
1991,14.16,Americas,Bogota
1992,14.32,Americas,Bogota
1993,14.15,Americas,Bogota
1994,13.98,Americas,Bogota
1995,14.15,Americas,Bogota
1996,13.95,Americas,Bogota
1997,14.48,Americas,Bogota
1998,14.91,Americas,Bogota
1999,13.8,Americas,Bogota
2000,13.82,Americas,Bogota
2001,14.23,Americas,Bogota
2002,14.37,Americas,Bogota
2003,14.47,Americas,Bogota
2004,14.42,Americas,Bogota
2005,14.52,Americas,Bogota
2006,14.27,Americas,Bogota
2007,14.23,Americas,Bogota
2008,13.84,Americas,Bogota
2009,14.48,Americas,Bogota
2010,14.24,Americas,Bogota
2011,13.69,Americas,Bogota
2012,14.05,Americas,Bogota
2013,14.27,Americas,Bogota
2014,14.38,Americas,Bogota
2015,14.73,Americas,Bogota
2016,14.87,Americas,Bogota
2017,13.05,Americas,Bogota
2018,12.89,Americas,Bogota
2019,13.32,Americas,Bogota
2020,13.69,Americas,Bogota
2021,13.26,Americas,Bogota
1950,18.73,Americas,Sao Paulo
1951,18.6,Americas,Sao Paulo
1952,18.67,Americas,Sao Paulo
1953,19.01,Americas,Sao Paulo
1954,19.39,Americas,Sao Paulo
1955,18.98,Americas,Sao Paulo
1956,18.41,Americas,Sao Paulo
1957,18.83,Americas,Sao Paulo
1958,19.28,Americas,Sao Paulo
1959,19.65,Americas,Sao Paulo
1960,18.71,Americas,Sao Paulo
1961,20.61,Americas,Sao Paulo
1962,18.06,Americas,Sao Paulo
1963,19.83,Americas,Sao Paulo
1964,18.23,Americas,Sao Paulo
1965,19.31,Americas,Sao Paulo
1966,19.23,Americas,Sao Paulo
1967,19.55,Americas,Sao Paulo
1968,18.3,Americas,Sao Paulo
1969,19.49,Americas,Sao Paulo
1970,19.18,Americas,Sao Paulo
1971,18.98,Americas,Sao Paulo
1972,19.43,Americas,Sao Paulo
1973,19.36,Americas,Sao Paulo
1974,19.06,Americas,Sao Paulo
1975,19.08,Americas,Sao Paulo
1976,18.62,Americas,Sao Paulo
1977,19.91,Americas,Sao Paulo
1978,19.11,Americas,Sao Paulo
1979,18.49,Americas,Sao Paulo
1980,19.18,Americas,Sao Paulo
1981,18.67,Americas,Sao Paulo
1982,18.94,Americas,Sao Paulo
1983,19.27,Americas,Sao Paulo
1984,19.51,Americas,Sao Paulo
1985,19.03,Americas,Sao Paulo
1986,19.54,Americas,Sao Paulo
1987,19.2,Americas,Sao Paulo
1988,18.82,Americas,Sao Paulo
1989,18.62,Americas,Sao Paulo
1990,19.35,Americas,Sao Paulo
1991,19.11,Americas,Sao Paulo
1992,19.09,Americas,Sao Paulo
1993,19.45,Americas,Sao Paulo
1994,19.63,Americas,Sao Paulo
1995,19.51,Americas,Sao Paulo
1996,18.94,Americas,Sao Paulo
1997,19.59,Americas,Sao Paulo
1998,19.56,Americas,Sao Paulo
1999,18.88,Americas,Sao Paulo
2000,19.23,Americas,Sao Paulo
2001,19.74,Americas,Sao Paulo
2002,20.38,Americas,Sao Paulo
2003,19.64,Americas,Sao Paulo
2004,18.86,Americas,Sao Paulo
2005,19.54,Americas,Sao Paulo
2006,19.4,Americas,Sao Paulo
2007,19.7,Americas,Sao Paulo
2008,18.9,Americas,Sao Paulo
2009,19.46,Americas,Sao Paulo
2010,19.41,Americas,Sao Paulo
2011,19.02,Americas,Sao Paulo
2012,19.7,Americas,Sao Paulo
2013,19.1,Americas,Sao Paulo
2014,20.1,Americas,Sao Paulo
2015,20.32,Americas,Sao Paulo
2016,19.52,Americas,Sao Paulo
2017,19.27,Americas,Sao Paulo
2018,19.2,Americas,Sao Paulo
2019,19.7,Americas,Sao Paulo
2020,19.26,Americas,Sao Paulo
2021,18.85,Americas,Sao Paulo
1950,21.75,Americas,Santa Cruz
1951,22.12,Americas,Santa Cruz
1952,22.06,Americas,Santa Cruz
1953,22.3,Americas,Santa Cruz
1954,22.73,Americas,Santa Cruz
1955,22.42,Americas,Santa Cruz
1956,21.91,Americas,Santa Cruz
1957,22.22,Americas,Santa Cruz
1958,22.44,Americas,Santa Cruz
1959,22.94,Americas,Santa Cruz
1960,22.82,Americas,Santa Cruz
1961,25.62,Americas,Santa Cruz
1962,22.5,Americas,Santa Cruz
1963,23.77,Americas,Santa Cruz
1964,22.42,Americas,Santa Cruz
1965,23.21,Americas,Santa Cruz
1966,22.81,Americas,Santa Cruz
1967,22.9,Americas,Santa Cruz
1968,23.02,Americas,Santa Cruz
1969,23.64,Americas,Santa Cruz
1970,23.0,Americas,Santa Cruz
1971,22.16,Americas,Santa Cruz
1972,23.29,Americas,Santa Cruz
1973,23.14,Americas,Santa Cruz
1974,22.3,Americas,Santa Cruz
1975,22.4,Americas,Santa Cruz
1976,22.35,Americas,Santa Cruz
1977,22.92,Americas,Santa Cruz
1978,23.22,Americas,Santa Cruz
1979,22.39,Americas,Santa Cruz
1980,22.3,Americas,Santa Cruz
1981,22.11,Americas,Santa Cruz
1982,22.42,Americas,Santa Cruz
1983,22.15,Americas,Santa Cruz
1984,22.52,Americas,Santa Cruz
1985,22.84,Americas,Santa Cruz
1986,22.88,Americas,Santa Cruz
1987,22.96,Americas,Santa Cruz
1988,23.07,Americas,Santa Cruz
1989,22.96,Americas,Santa Cruz
1990,22.74,Americas,Santa Cruz
1991,22.55,Americas,Santa Cruz
1992,22.01,Americas,Santa Cruz
1993,22.74,Americas,Santa Cruz
1994,23.55,Americas,Santa Cruz
1995,23.21,Americas,Santa Cruz
1996,22.59,Americas,Santa Cruz
1997,23.24,Americas,Santa Cruz
1998,22.55,Americas,Santa Cruz
1999,23.16,Americas,Santa Cruz
2000,22.61,Americas,Santa Cruz
2001,23.11,Americas,Santa Cruz
2002,23.38,Americas,Santa Cruz
2003,23.31,Americas,Santa Cruz
2004,23.01,Americas,Santa Cruz
2005,23.11,Americas,Santa Cruz
2006,23.33,Americas,Santa Cruz
2007,23.08,Americas,Santa Cruz
2008,23.16,Americas,Santa Cruz
2009,23.53,Americas,Santa Cruz
2010,23.6,Americas,Santa Cruz
2011,23.82,Americas,Santa Cruz
2012,23.49,Americas,Santa Cruz
2013,23.11,Americas,Santa Cruz
2014,23.21,Americas,Santa Cruz
2015,23.63,Americas,Santa Cruz
2016,23.35,Americas,Santa Cruz
2017,23.37,Americas,Santa Cruz
2018,22.73,Americas,Santa Cruz
2019,23.18,Americas,Santa Cruz
2020,23.92,Americas,Santa Cruz
2021,23.1,Americas,Santa Cruz
1950,22.12,Africa,El Cairo
1951,22.28,Africa,El Cairo
1952,22.22,Africa,El Cairo
1953,21.5,Africa,El Cairo
1954,21.65,Africa,El Cairo
1955,22.43,Africa,El Cairo
1956,21.93,Africa,El Cairo
1957,21.89,Africa,El Cairo
1958,21.78,Africa,El Cairo
1959,21.08,Africa,El Cairo
1960,22.41,Africa,El Cairo
1961,21.0,Africa,El Cairo
1962,21.75,Africa,El Cairo
1963,21.59,Africa,El Cairo
1964,20.55,Africa,El Cairo
1965,21.6,Africa,El Cairo
1966,22.17,Africa,El Cairo
1967,21.02,Africa,El Cairo
1968,21.41,Africa,El Cairo
1969,21.54,Africa,El Cairo
1970,21.45,Africa,El Cairo
1971,21.56,Africa,El Cairo
1972,21.76,Africa,El Cairo
1973,21.42,Africa,El Cairo
1974,21.72,Africa,El Cairo
1975,21.54,Africa,El Cairo
1976,21.41,Africa,El Cairo
1977,21.63,Africa,El Cairo
1978,21.71,Africa,El Cairo
1979,22.06,Africa,El Cairo
1980,21.41,Africa,El Cairo
1981,21.31,Africa,El Cairo
1982,21.02,Africa,El Cairo
1983,20.74,Africa,El Cairo
1984,21.19,Africa,El Cairo
1985,21.48,Africa,El Cairo
1986,21.29,Africa,El Cairo
1987,20.93,Africa,El Cairo
1988,21.49,Africa,El Cairo
1989,21.22,Africa,El Cairo
1990,21.41,Africa,El Cairo
1991,21.25,Africa,El Cairo
1992,20.51,Africa,El Cairo
1993,21.35,Africa,El Cairo
1994,21.72,Africa,El Cairo
1995,21.35,Africa,El Cairo
1996,21.58,Africa,El Cairo
1997,21.36,Africa,El Cairo
1998,22.23,Africa,El Cairo
1999,22.16,Africa,El Cairo
2000,21.33,Africa,El Cairo
2001,22.0,Africa,El Cairo
2002,21.97,Africa,El Cairo
2003,21.8,Africa,El Cairo
2004,21.72,Africa,El Cairo
2005,21.58,Africa,El Cairo
2006,21.65,Africa,El Cairo
2007,21.9,Africa,El Cairo
2008,22.25,Africa,El Cairo
2009,22.3,Africa,El Cairo
2010,23.34,Africa,El Cairo
2011,21.6,Africa,El Cairo
2012,22.36,Africa,El Cairo
2013,22.35,Africa,El Cairo
2014,22.7,Africa,El Cairo
2015,22.53,Africa,El Cairo
2016,22.96,Africa,El Cairo
2017,22.35,Africa,El Cairo
2018,23.4,Africa,El Cairo
2019,23.0,Africa,El Cairo
2020,23.33,Africa,El Cairo
2021,23.66,Africa,El Cairo
1950,18.14,Africa,Nairobi
1951,18.25,Africa,Nairobi
1952,18.11,Africa,Nairobi
1953,17.78,Africa,Nairobi
1954,18.37,Africa,Nairobi
1955,18.51,Africa,Nairobi
1956,18.29,Africa,Nairobi
1957,18.24,Africa,Nairobi
1958,18.49,Africa,Nairobi
1959,18.47,Africa,Nairobi
1960,18.4,Africa,Nairobi
1961,18.63,Africa,Nairobi
1962,18.31,Africa,Nairobi
1963,18.05,Africa,Nairobi
1964,17.67,Africa,Nairobi
1965,18.07,Africa,Nairobi
1966,18.39,Africa,Nairobi
1967,18.27,Africa,Nairobi
1968,17.8,Africa,Nairobi
1969,18.55,Africa,Nairobi
1970,18.43,Africa,Nairobi
1971,18.07,Africa,Nairobi
1972,18.43,Africa,Nairobi
1973,18.81,Africa,Nairobi
1974,18.09,Africa,Nairobi
1975,18.44,Africa,Nairobi
1976,18.64,Africa,Nairobi
1977,18.14,Africa,Nairobi
1978,17.97,Africa,Nairobi
1979,18.07,Africa,Nairobi
1980,18.58,Africa,Nairobi
1981,18.47,Africa,Nairobi
1982,18.58,Africa,Nairobi
1983,18.73,Africa,Nairobi
1984,18.47,Africa,Nairobi
1985,17.86,Africa,Nairobi
1986,18.26,Africa,Nairobi
1987,19.06,Africa,Nairobi
1988,18.53,Africa,Nairobi
1989,17.94,Africa,Nairobi
1990,18.21,Africa,Nairobi
1991,18.75,Africa,Nairobi
1992,18.43,Africa,Nairobi
1993,18.36,Africa,Nairobi
1994,18.68,Africa,Nairobi
1995,18.5,Africa,Nairobi
1996,18.47,Africa,Nairobi
1997,18.63,Africa,Nairobi
1998,18.41,Africa,Nairobi
1999,18.34,Africa,Nairobi
2000,18.83,Africa,Nairobi
2001,18.46,Africa,Nairobi
2002,18.63,Africa,Nairobi
2003,18.85,Africa,Nairobi
2004,18.87,Africa,Nairobi
2005,18.9,Africa,Nairobi
2006,18.73,Africa,Nairobi
2007,18.86,Africa,Nairobi
2008,18.77,Africa,Nairobi
2009,19.32,Africa,Nairobi
2010,18.92,Africa,Nairobi
2011,19.26,Africa,Nairobi
2012,19.12,Africa,Nairobi
2013,18.77,Africa,Nairobi
2014,19.11,Africa,Nairobi
2015,19.36,Africa,Nairobi
2016,19.26,Africa,Nairobi
2017,19.2,Africa,Nairobi
2018,18.28,Africa,Nairobi
2019,19.02,Africa,Nairobi
2020,18.49,Africa,Nairobi
2021,18.61,Africa,Nairobi
1950,13.18,Africa,Johannesburg
1951,16.24,Africa,Johannesburg
1952,16.39,Africa,Johannesburg
1953,16.43,Africa,Johannesburg
1954,15.7,Africa,Johannesburg
1955,13.99,Africa,Johannesburg
1956,15.13,Africa,Johannesburg
1957,14.21,Africa,Johannesburg
1958,14.69,Africa,Johannesburg
1959,14.62,Africa,Johannesburg
1960,13.82,Africa,Johannesburg
1961,14.85,Africa,Johannesburg
1962,15.46,Africa,Johannesburg
1963,14.47,Africa,Johannesburg
1964,14.26,Africa,Johannesburg
1965,14.57,Africa,Johannesburg
1966,15.2,Africa,Johannesburg
1967,13.91,Africa,Johannesburg
1968,14.18,Africa,Johannesburg
1969,14.66,Africa,Johannesburg
1970,15.17,Africa,Johannesburg
1971,14.19,Africa,Johannesburg
1972,14.51,Africa,Johannesburg
1973,14.26,Africa,Johannesburg
1974,13.94,Africa,Johannesburg
1975,14.09,Africa,Johannesburg
1976,13.82,Africa,Johannesburg
1977,14.76,Africa,Johannesburg
1978,14.43,Africa,Johannesburg
1979,14.84,Africa,Johannesburg
1980,14.28,Africa,Johannesburg
1981,14.01,Africa,Johannesburg
1982,14.73,Africa,Johannesburg
1983,15.26,Africa,Johannesburg
1984,14.95,Africa,Johannesburg
1985,15.17,Africa,Johannesburg
1986,14.84,Africa,Johannesburg
1987,15.0,Africa,Johannesburg
1988,14.56,Africa,Johannesburg
1989,14.25,Africa,Johannesburg
1990,14.99,Africa,Johannesburg
1991,15.12,Africa,Johannesburg
1992,15.91,Africa,Johannesburg
1993,15.24,Africa,Johannesburg
1994,14.58,Africa,Johannesburg
1995,15.06,Africa,Johannesburg
1996,14.06,Africa,Johannesburg
1997,14.15,Africa,Johannesburg
1998,15.36,Africa,Johannesburg
1999,15.07,Africa,Johannesburg
2000,13.78,Africa,Johannesburg
2001,14.46,Africa,Johannesburg
2002,15.14,Africa,Johannesburg
2003,15.95,Africa,Johannesburg
2004,15.11,Africa,Johannesburg
2005,16.08,Africa,Johannesburg
2006,14.33,Africa,Johannesburg
2007,15.22,Africa,Johannesburg
2008,14.94,Africa,Johannesburg
2009,14.87,Africa,Johannesburg
2010,15.37,Africa,Johannesburg
2011,14.78,Africa,Johannesburg
2012,15.36,Africa,Johannesburg
2013,15.65,Africa,Johannesburg
2014,15.23,Africa,Johannesburg
2015,16.82,Africa,Johannesburg
2016,16.35,Africa,Johannesburg
2017,15.89,Africa,Johannesburg
2018,16.34,Africa,Johannesburg
2019,17.04,Africa,Johannesburg
2020,15.65,Africa,Johannesburg
2021,15.6,Africa,Johannesburg
1950,16.83,Oceania,Sydney
1951,16.91,Oceania,Sydney
1952,17.03,Oceania,Sydney
1953,16.91,Oceania,Sydney
1954,16.93,Oceania,Sydney
1955,17.13,Oceania,Sydney
1956,16.46,Oceania,Sydney
1957,17.1,Oceania,Sydney
1958,17.13,Oceania,Sydney
1959,16.97,Oceania,Sydney
1960,16.77,Oceania,Sydney
1961,16.94,Oceania,Sydney
1962,16.63,Oceania,Sydney
1963,16.64,Oceania,Sydney
1964,16.89,Oceania,Sydney
1965,16.91,Oceania,Sydney
1966,16.64,Oceania,Sydney
1967,16.87,Oceania,Sydney
1968,17.15,Oceania,Sydney
1969,16.7,Oceania,Sydney
1970,16.71,Oceania,Sydney
1971,16.7,Oceania,Sydney
1972,16.78,Oceania,Sydney
1973,17.45,Oceania,Sydney
1974,16.54,Oceania,Sydney
1975,16.94,Oceania,Sydney
1976,16.31,Oceania,Sydney
1977,16.76,Oceania,Sydney
1978,16.67,Oceania,Sydney
1979,17.21,Oceania,Sydney
1980,17.66,Oceania,Sydney
1981,17.14,Oceania,Sydney
1982,17.04,Oceania,Sydney
1983,17.2,Oceania,Sydney
1984,16.48,Oceania,Sydney
1985,16.63,Oceania,Sydney
1986,16.61,Oceania,Sydney
1987,16.77,Oceania,Sydney
1988,17.44,Oceania,Sydney
1989,16.96,Oceania,Sydney
1990,16.96,Oceania,Sydney
1991,17.3,Oceania,Sydney
1992,16.38,Oceania,Sydney
1993,17.03,Oceania,Sydney
1994,16.99,Oceania,Sydney
1995,16.53,Oceania,Sydney
1996,16.62,Oceania,Sydney
1997,17.26,Oceania,Sydney
1998,17.63,Oceania,Sydney
1999,16.98,Oceania,Sydney
2000,16.95,Oceania,Sydney
2001,17.31,Oceania,Sydney
2002,17.38,Oceania,Sydney
2003,17.1,Oceania,Sydney
2004,17.45,Oceania,Sydney
2005,17.65,Oceania,Sydney
2006,17.6,Oceania,Sydney
2007,17.53,Oceania,Sydney
2008,16.89,Oceania,Sydney
2009,17.77,Oceania,Sydney
2010,17.52,Oceania,Sydney
2011,17.25,Oceania,Sydney
2012,17.01,Oceania,Sydney
2013,17.71,Oceania,Sydney
2014,17.68,Oceania,Sydney
2015,17.5,Oceania,Sydney
2016,18.05,Oceania,Sydney
2017,17.86,Oceania,Sydney
2018,17.61,Oceania,Sydney
2019,17.89,Oceania,Sydney
2020,17.37,Oceania,Sydney
2021,16.82,Oceania,Sydney
1950,21.2,Oceania,Alice Springs
1951,22.58,Oceania,Alice Springs
1952,21.54,Oceania,Alice Springs
1953,21.62,Oceania,Alice Springs
1954,21.53,Oceania,Alice Springs
1955,22.26,Oceania,Alice Springs
1956,20.99,Oceania,Alice Springs
1957,22.53,Oceania,Alice Springs
1958,22.39,Oceania,Alice Springs
1959,22.32,Oceania,Alice Springs
1960,21.81,Oceania,Alice Springs
1961,22.42,Oceania,Alice Springs
1962,21.91,Oceania,Alice Springs
1963,22.63,Oceania,Alice Springs
1964,22.3,Oceania,Alice Springs
1965,22.36,Oceania,Alice Springs
1966,20.69,Oceania,Alice Springs
1967,21.19,Oceania,Alice Springs
1968,21.07,Oceania,Alice Springs
1969,21.55,Oceania,Alice Springs
1970,21.39,Oceania,Alice Springs
1971,21.93,Oceania,Alice Springs
1972,21.61,Oceania,Alice Springs
1973,22.21,Oceania,Alice Springs
1974,19.59,Oceania,Alice Springs
1975,20.27,Oceania,Alice Springs
1976,19.6,Oceania,Alice Springs
1977,20.56,Oceania,Alice Springs
1978,20.67,Oceania,Alice Springs
1979,21.92,Oceania,Alice Springs
1980,22.84,Oceania,Alice Springs
1981,21.84,Oceania,Alice Springs
1982,21.27,Oceania,Alice Springs
1983,21.63,Oceania,Alice Springs
1984,21.13,Oceania,Alice Springs
1985,21.86,Oceania,Alice Springs
1986,22.08,Oceania,Alice Springs
1987,21.71,Oceania,Alice Springs
1988,22.14,Oceania,Alice Springs
1989,21.13,Oceania,Alice Springs
1990,22.55,Oceania,Alice Springs
1991,22.7,Oceania,Alice Springs
1992,21.91,Oceania,Alice Springs
1993,21.82,Oceania,Alice Springs
1994,21.82,Oceania,Alice Springs
1995,21.54,Oceania,Alice Springs
1996,22.77,Oceania,Alice Springs
1997,21.8,Oceania,Alice Springs
1998,22.43,Oceania,Alice Springs
1999,22.13,Oceania,Alice Springs
2000,20.69,Oceania,Alice Springs
2001,20.6,Oceania,Alice Springs
2002,22.59,Oceania,Alice Springs
2003,22.44,Oceania,Alice Springs
2004,22.69,Oceania,Alice Springs
2005,23.09,Oceania,Alice Springs
2006,22.63,Oceania,Alice Springs
2007,22.38,Oceania,Alice Springs
2008,22.34,Oceania,Alice Springs
2009,22.9,Oceania,Alice Springs
2010,20.07,Oceania,Alice Springs
2011,21.2,Oceania,Alice Springs
2012,21.86,Oceania,Alice Springs
2013,23.38,Oceania,Alice Springs
2014,22.56,Oceania,Alice Springs
2015,22.31,Oceania,Alice Springs
2016,22.11,Oceania,Alice Springs
2017,22.85,Oceania,Alice Springs
2018,23.0,Oceania,Alice Springs
2019,23.38,Oceania,Alice Springs
2020,22.72,Oceania,Alice Springs
2021,21.96,Oceania,Alice Springs
1950,10.69,Oceania,Christchurch
1951,10.03,Oceania,Christchurch
1952,11.0,Oceania,Christchurch
1953,10.89,Oceania,Christchurch
1954,11.61,Oceania,Christchurch
1955,11.79,Oceania,Christchurch
1956,11.65,Oceania,Christchurch
1957,11.47,Oceania,Christchurch
1958,11.35,Oceania,Christchurch
1959,10.69,Oceania,Christchurch
1960,10.84,Oceania,Christchurch
1961,11.22,Oceania,Christchurch
1962,11.49,Oceania,Christchurch
1963,10.73,Oceania,Christchurch
1964,11.26,Oceania,Christchurch
1965,10.78,Oceania,Christchurch
1966,10.87,Oceania,Christchurch
1967,11.26,Oceania,Christchurch
1968,11.2,Oceania,Christchurch
1969,11.15,Oceania,Christchurch
1970,11.72,Oceania,Christchurch
1971,11.8,Oceania,Christchurch
1972,11.24,Oceania,Christchurch
1973,11.85,Oceania,Christchurch
1974,11.31,Oceania,Christchurch
1975,11.47,Oceania,Christchurch
1976,10.52,Oceania,Christchurch
1977,10.76,Oceania,Christchurch
1978,11.69,Oceania,Christchurch
1979,11.51,Oceania,Christchurch
1980,11.12,Oceania,Christchurch
1981,11.67,Oceania,Christchurch
1982,11.44,Oceania,Christchurch
1983,10.98,Oceania,Christchurch
1984,11.81,Oceania,Christchurch
1985,11.88,Oceania,Christchurch
1986,11.33,Oceania,Christchurch
1987,11.74,Oceania,Christchurch
1988,11.97,Oceania,Christchurch
1989,11.69,Oceania,Christchurch
1990,11.89,Oceania,Christchurch
1991,10.97,Oceania,Christchurch
1992,10.16,Oceania,Christchurch
1993,10.45,Oceania,Christchurch
1994,11.11,Oceania,Christchurch
1995,10.97,Oceania,Christchurch
1996,10.98,Oceania,Christchurch
1997,10.73,Oceania,Christchurch
1998,12.23,Oceania,Christchurch
1999,11.88,Oceania,Christchurch
2000,11.28,Oceania,Christchurch
2001,11.6,Oceania,Christchurch
2002,11.42,Oceania,Christchurch
2003,11.33,Oceania,Christchurch
2004,11.14,Oceania,Christchurch
2005,11.9,Oceania,Christchurch
2006,10.95,Oceania,Christchurch
2007,11.62,Oceania,Christchurch
2008,11.5,Oceania,Christchurch
2009,10.98,Oceania,Christchurch
2010,11.79,Oceania,Christchurch
2011,11.34,Oceania,Christchurch
2012,11.18,Oceania,Christchurch
2013,12.11,Oceania,Christchurch
2014,11.56,Oceania,Christchurch
2015,11.65,Oceania,Christchurch
2016,12.12,Oceania,Christchurch
2017,12.04,Oceania,Christchurch
2018,12.13,Oceania,Christchurch
2019,12.49,Oceania,Christchurch
2020,12.44,Oceania,Christchurch
2021,12.41,Oceania,Christchurch
1950,26.25,Oceania,Manila
1951,26.52,Oceania,Manila
1952,26.64,Oceania,Manila
1953,26.75,Oceania,Manila
1954,26.66,Oceania,Manila
1955,26.34,Oceania,Manila
1956,26.23,Oceania,Manila
1957,26.56,Oceania,Manila
1958,26.71,Oceania,Manila
1959,26.7,Oceania,Manila
1960,26.72,Oceania,Manila
1961,26.25,Oceania,Manila
1962,26.43,Oceania,Manila
1963,26.02,Oceania,Manila
1964,26.45,Oceania,Manila
1965,26.32,Oceania,Manila
1966,27.05,Oceania,Manila
1967,26.23,Oceania,Manila
1968,26.82,Oceania,Manila
1969,26.94,Oceania,Manila
1970,26.83,Oceania,Manila
1971,26.12,Oceania,Manila
1972,26.25,Oceania,Manila
1973,26.88,Oceania,Manila
1974,26.27,Oceania,Manila
1975,26.5,Oceania,Manila
1976,26.06,Oceania,Manila
1977,26.45,Oceania,Manila
1978,26.5,Oceania,Manila
1979,26.48,Oceania,Manila
1980,26.62,Oceania,Manila
1981,26.39,Oceania,Manila
1982,26.21,Oceania,Manila
1983,26.85,Oceania,Manila
1984,26.26,Oceania,Manila
1985,26.4,Oceania,Manila
1986,26.14,Oceania,Manila
1987,26.76,Oceania,Manila
1988,26.81,Oceania,Manila
1989,26.21,Oceania,Manila
1990,26.51,Oceania,Manila
1991,26.44,Oceania,Manila
1992,26.55,Oceania,Manila
1993,26.57,Oceania,Manila
1994,26.36,Oceania,Manila
1995,26.43,Oceania,Manila
1996,26.35,Oceania,Manila
1997,26.49,Oceania,Manila
1998,27.32,Oceania,Manila
1999,26.23,Oceania,Manila
2000,26.23,Oceania,Manila
2001,26.38,Oceania,Manila
2002,26.5,Oceania,Manila
2003,26.59,Oceania,Manila
2004,26.55,Oceania,Manila
2005,26.58,Oceania,Manila
2006,26.59,Oceania,Manila
2007,26.8,Oceania,Manila
2008,26.33,Oceania,Manila
2009,26.29,Oceania,Manila
2010,27.08,Oceania,Manila
2011,26.19,Oceania,Manila
2012,26.53,Oceania,Manila
2013,26.86,Oceania,Manila
2014,26.67,Oceania,Manila
2015,26.88,Oceania,Manila
2016,27.14,Oceania,Manila
2017,27.17,Oceania,Manila
2018,27.14,Oceania,Manila
2019,27.3,Oceania,Manila
2020,27.66,Oceania,Manila
2021,27.26,Oceania,Manila
1950,-6.93,Polar,Longyearbyen
1951,-9.54,Polar,Longyearbyen
1952,-8.54,Polar,Longyearbyen
1953,-7.19,Polar,Longyearbyen
1954,-6.3,Polar,Longyearbyen
1955,-9.19,Polar,Longyearbyen
1956,-6.39,Polar,Longyearbyen
1957,-7.59,Polar,Longyearbyen
1958,-7.92,Polar,Longyearbyen
1959,-7.32,Polar,Longyearbyen
1960,-7.26,Polar,Longyearbyen
1961,-7.7,Polar,Longyearbyen
1962,-9.3,Polar,Longyearbyen
1963,-10.1,Polar,Longyearbyen
1964,-7.26,Polar,Longyearbyen
1965,-8.77,Polar,Longyearbyen
1966,-10.26,Polar,Longyearbyen
1967,-8.2,Polar,Longyearbyen
1968,-10.82,Polar,Longyearbyen
1969,-8.14,Polar,Longyearbyen
1970,-8.01,Polar,Longyearbyen
1971,-8.95,Polar,Longyearbyen
1972,-5.34,Polar,Longyearbyen
1973,-8.48,Polar,Longyearbyen
1974,-5.43,Polar,Longyearbyen
1975,-8.7,Polar,Longyearbyen
1976,-6.13,Polar,Longyearbyen
1977,-7.72,Polar,Longyearbyen
1978,-8.2,Polar,Longyearbyen
1979,-8.58,Polar,Longyearbyen
1980,-8.34,Polar,Longyearbyen
1981,-8.49,Polar,Longyearbyen
1982,-8.38,Polar,Longyearbyen
1983,-8.28,Polar,Longyearbyen
1984,-4.45,Polar,Longyearbyen
1985,-6.59,Polar,Longyearbyen
1986,-7.52,Polar,Longyearbyen
1987,-7.78,Polar,Longyearbyen
1988,-9.78,Polar,Longyearbyen
1989,-7.59,Polar,Longyearbyen
1990,-5.24,Polar,Longyearbyen
1991,-6.78,Polar,Longyearbyen
1992,-6.58,Polar,Longyearbyen
1993,-7.56,Polar,Longyearbyen
1994,-7.47,Polar,Longyearbyen
1995,-7.84,Polar,Longyearbyen
1996,-6.29,Polar,Longyearbyen
1997,-7.4,Polar,Longyearbyen
1998,-7.35,Polar,Longyearbyen
1999,-5.77,Polar,Longyearbyen
2000,-5.78,Polar,Longyearbyen
2001,-6.39,Polar,Longyearbyen
2002,-6.18,Polar,Longyearbyen
2003,-7.56,Polar,Longyearbyen
2004,-5.61,Polar,Longyearbyen
2005,-4.8,Polar,Longyearbyen
2006,-4.19,Polar,Longyearbyen
2007,-5.22,Polar,Longyearbyen
2008,-5.68,Polar,Longyearbyen
2009,-4.96,Polar,Longyearbyen
2010,-5.54,Polar,Longyearbyen
2011,-4.81,Polar,Longyearbyen
2012,-3.74,Polar,Longyearbyen
2013,-5.49,Polar,Longyearbyen
2014,-4.38,Polar,Longyearbyen
2015,-3.91,Polar,Longyearbyen
2016,-1.82,Polar,Longyearbyen
2017,-3.95,Polar,Longyearbyen
2018,-3.36,Polar,Longyearbyen
2019,-4.97,Polar,Longyearbyen
2020,-4.72,Polar,Longyearbyen
2021,-4.48,Polar,Longyearbyen
